Training_Name,Req_Skills
Python Programming Basics,"Python, VS Code, PyCharm, pip, virtualenv, Jupyter"
Advanced Python,"Python, Decorators, Generators, Asyncio, Django, Flask"
Data Analysis with Python,"Pandas, NumPy, Matplotlib, Seaborn, Jupyter, SciPy"
Machine Learning Essentials,"Scikit-learn, NumPy, Pandas, TensorFlow, PyTorch, Jupyter"
Deep Learning Specialization,"TensorFlow, Keras, PyTorch, Neural Networks, GPUs, CUDA"
DevOps Fundamentals,"Docker, Kubernetes, Jenkins, CI/CD, Git, Ansible"
AWS Cloud Practitioner,"AWS, S3, EC2, CloudFormation, IAM, Lambda"
Azure Fundamentals,"Azure, ARM Templates, Azure DevOps, Virtual Machines, App Services"
Google Cloud Essentials,"Google Cloud, GCP, BigQuery, Compute Engine, Cloud Storage"
Web Development Basics,"HTML, CSS, JavaScript, VS Code, Git"
Front-End Development,"React, Angular, Vue.js, ES6, Webpack"
Back-End Development,"Node.js, Express, Django, Flask, REST APIs"
Full Stack Development,"MERN, MEAN, Django, Flask, PostgreSQL, MongoDB"
Cybersecurity Basics,"Kali Linux, Nmap, Wireshark, Metasploit, Burp Suite"
Ethical Hacking,"Kali Linux, Metasploit, Burp Suite, OWASP ZAP, Social Engineering"
Cloud Security,"AWS Security, Azure Security, IAM, Encryption, Firewalls"
Data Engineering with Python,"Python, PySpark, Airflow, Hadoop, ETL"
Big Data Analytics,"Hadoop, Spark, Hive, HDFS, MapReduce"
AI for Everyone,"Machine Learning, Neural Networks, AI Ethics, Automation"
Kubernetes Essentials,"Kubernetes, Helm, Kubeadm, Minikube, Pods"
Docker for Beginners,"Docker, Dockerfiles, Containers, Images, Docker Compose"
Blockchain Basics,"Solidity, Ethereum, Smart Contracts, Hyperledger, Web3"
Salesforce Developer,"Salesforce, Apex, Visualforce, Lightning Web Components"
IoT Basics,"IoT, MQTT, Raspberry Pi, Arduino, Microcontrollers"
AR/VR Development,"Unity, Unreal Engine, C#, VR SDKs"
Game Development Basics,"Unity, Unreal Engine, C++, C#, Game Physics"
NLP Specialization,"Python, NLTK, spaCy, Hugging Face, BERT"
Computer Vision,"OpenCV, TensorFlow, PyTorch, YOLO, Image Processing"
Natural Language Processing,"Python, RNN, LSTMs, Transformer Models"
Software Testing Basics,"Selenium, Appium, JUnit, TestNG, Postman"
Automation Testing,"Selenium, Puppeteer, Playwright, Cucumber"
Agile Methodologies,"Scrum, Kanban, Jira, Trello"
RPA Essentials,"UiPath, Blue Prism, Automation Anywhere"
Linux Administration,"Linux, Shell Scripting, Systemd, Bash"
Database Administration,"SQL, Oracle, PostgreSQL, MongoDB"
ITIL Foundation,"ITIL, IT Service Management, Change Management"
Microsoft Power BI,"Power BI, DAX, M, Data Visualization"
Tableau Training,"Tableau, Data Visualization, Dashboards, Analytics"
SAP Essentials,"SAP, ERP, ABAP, S/4HANA"
Business Analysis Basics,"BABOK, BPMN, Wireframing, User Stories"
Digital Marketing Basics,"SEO, Google Analytics, SEM, Content Marketing"
Content Writing and Copywriting,"Blogging, SEO Writing, WordPress"
Graphic Design Basics,"Photoshop, Illustrator, Canva"
UX/UI Design,"Figma, Adobe XD, User Research"
Video Editing Basics,"Premiere Pro, Final Cut Pro, DaVinci Resolve"
Animation Essentials,"Blender, Maya, After Effects"
Agile Project Management,"Scrum, Jira, Sprint Planning"
PMP Certification,"Project Management, PMP Exam Prep, PMBOK"
Leadership Training,"Communication Skills, Team Building"
HR Analytics,"HR Metrics, HR Tools, Predictive Analytics"
ChatGPT API Integration,"OpenAI API, Python, REST APIs, JSON"
Robotic Process Automation (RPA),"UiPath, Blue Prism, Automation Anywhere"
Kotlin for Android Development,"Kotlin, Android Studio, Gradle, Jetpack"
Swift Programming for iOS Development,"Swift, Xcode, UIKit, Core Data"
Introduction to Quantum Computing,"Qiskit, IBM Quantum Experience, Quantum Gates"
Cloud Networking Essentials,"Virtual Networks, Load Balancers, Cloudflare"
IT Infrastructure Management,"ITIL, CMDB, Incident Management"
Mobile App Development with Flutter,"Dart, Flutter SDK, Android Studio, Firebase"
Software Architecture Design,"UML, Design Patterns, Microservices, SOLID"
Introduction to Microservices,"Spring Boot, Kubernetes, API Gateway"
Rust Programming Basics,"Rust, Cargo, WebAssembly"
Unreal Engine for Game Development,"Unreal Engine, Blueprints, C++"
AI-Driven Chatbot Development,"Dialogflow, Rasa, GPT Models, Natural Language Processing"
Embedded Systems Basics,"C, Microcontrollers, Embedded C"
React Native Development,"React Native, Redux, Expo"
Serverless Computing Essentials,"AWS Lambda, Google Cloud Functions, Azure Functions"
Hadoop Administration,"HDFS, YARN, MapReduce"
Terraform for Infrastructure Automation,"Terraform, IaC, AWS, Azure"
Salesforce Marketing Cloud Training,"Salesforce, Email Studio, Journey Builder"
Kubernetes Advanced,"Kubernetes, Service Mesh, Istio"
BigQuery for Data Warehousing,"Google BigQuery, SQL, ETL"
Power Automate Basics,"Microsoft Power Platform, Workflow Automation"
Data Storytelling with Visualization,"Tableau, Power BI, Data Narratives"
TensorFlow for Beginners,"TensorFlow, Keras, Neural Networks"
Ethical AI Development,"AI Ethics, Bias Mitigation, Explainability"
Robotics Engineering Basics,"ROS, Arduino, Robot Operating Systems"
MATLAB for Engineers,"MATLAB, Simulink, Algorithm Development"
Data Science for Business,"Python, R, Decision Trees, Regression Models"
Apache Kafka for Streaming Data,"Kafka, Zookeeper, Streaming Analytics"
Continuous Integration and Delivery,"Jenkins, GitLab CI/CD, Travis CI"
SQL Advanced,"SQL, Stored Procedures, Query Optimization"
Redis Essentials,"Redis, Key-Value Stores, Caching"
Apache Spark for Big Data,"Apache Spark, Scala, PySpark"
Internet of Things (IoT) Security,"IoT, MQTT, Encryption, Device Security"
Google Workspace Administration,"Gmail, Drive, Google Admin Console"
Web Scraping with Python,"Python, BeautifulSoup, Scrapy"
Business Intelligence Basics,"Power BI, Tableau, Data Models"
TensorFlow Extended (TFX) Pipeline,"TFX, TensorFlow, Data Pipelines"
MLOps Essentials,"ML Lifecycle, CI/CD for ML, Kubeflow"
VR Content Creation,"Unity, Oculus SDK, Blender"
Rust for Systems Programming,"Rust, Memory Safety, Systems Programming"
Metaverse Development,"Unity, Blockchain, 3D Design"
Blockchain Development Basics,"Ethereum, Solidity, Smart Contracts"
Low-Code/No-Code Development,"OutSystems, Bubble.io, Mendix"
Database Tuning and Optimization,"SQL Server, Indexing, Query Plans"
PHP for Web Development,"PHP, Laravel, MySQL"
Augmented Reality (AR) Development,"ARKit, ARCore, 3D Modeling"
FinTech Applications Development,"Blockchain, Python, Financial APIs"
Security for Cloud-Native Applications,"DevSecOps, OWASP Top 10, Kubernetes Security"
Game Asset Design,"Blender, 3D Modeling, Texturing"
Advanced React,"React, Redux, Context API, React Router"
Java Programming for Beginners,"Java, IntelliJ IDEA, Eclipse, OOP"
Advanced Java,"Spring Framework, Hibernate, JPA, Maven"
Python for Data Science,"Python, Pandas, NumPy, Matplotlib"
Data Engineering with Spark,"PySpark, Spark SQL, Kafka, Scala"
Microsoft Excel Advanced,"Excel, VBA, Power Query, PivotTables"
Artificial Intelligence Ethics,"AI Ethics, Bias Mitigation, Fairness"
Hybrid Mobile App Development,"Ionic, Capacitor, Angular"
Jenkins for DevOps,"Jenkins, CI/CD Pipelines, Build Automation"
Apache Airflow for Workflow Automation,"Airflow, Python, DAGs, ETL"
Introduction to Elasticsearch,"Elasticsearch, Kibana, Logstash"
PostgreSQL for Beginners,"PostgreSQL, SQL, Database Management"
MongoDB Advanced,"MongoDB, Aggregation Pipeline, NoSQL"
Penetration Testing Basics,"Kali Linux, OWASP, Nmap, Metasploit"
Introduction to Networking,"TCP/IP, DNS, Routing, OSI Model"
Python Automation with Selenium,"Python, Selenium, Web Scraping"
Microservices with Spring Boot,"Spring Boot, REST, Kubernetes"
Cloud Automation with Ansible,"Ansible, YAML, Automation"
IT Service Management Essentials,"ITSM, Incident Management, Problem Management"
Web Accessibility Basics,"WCAG, ARIA, Accessibility Testing"
UI/UX Design Principles,"Figma, User Personas, Prototyping"
Introduction to C++,"C++, OOP, Data Structures"
Advanced C# Programming,"C#, .NET Framework, LINQ"
Game Design Basics,"Game Mechanics, Unity, Level Design"
Introduction to 5G Technology,"5G Networks, IoT, Edge Computing"
Cybersecurity for Beginners,"Firewalls, Threat Analysis, Basic Encryption"
Advanced Data Visualization,"Tableau, Power BI, Plotly"
Database Design Essentials,"ERD, SQL, Normalization"
Big Data with Cassandra,"Apache Cassandra, NoSQL, Distributed Databases"
Kotlin Multiplatform Development,"Kotlin, KMP, Android Studio"
React Query for Data Fetching,"React, React Query, REST, GraphQL"
Introduction to GraphQL,"GraphQL, Apollo, REST Comparison"
Networking for Cloud Computing,"Subnetting, VPCs, Load Balancing"
Vue.js Basics,"Vue.js, Vue Router, Vuex"
TensorFlow Lite for Mobile AI,"TensorFlow Lite, Mobile AI, Model Optimization"
SQL Server Administration,"SQL Server, Backup/Restore, Security"
Android Jetpack Essentials,"Jetpack, Navigation, LiveData"
Progressive Web Apps,"Service Workers, IndexedDB, Web App Manifest"
Software Engineering Principles,"SDLC, Design Patterns, Version Control"
Introduction to Rust Web Development,"Rust, Actix, Rocket, WebAssembly"
AI-Driven Financial Forecasting,"AI, Machine Learning, Time Series"
Blockchain in Supply Chain,"Blockchain, Hyperledger, Supply Chain Use Cases"
Security Testing with OWASP ZAP,"OWASP ZAP, Web Vulnerabilities, Penetration Testing"
NoSQL Databases Basics,"MongoDB, Redis, DynamoDB"
Scripting with Bash,"Bash, Shell Scripting, Cron Jobs"
ERP Basics,"SAP ERP, Oracle ERP, ERP Modules"
API Development with Flask,"Flask, RESTful APIs, Authentication"
Introduction to WebRTC,"WebRTC, Peer-to-Peer Communication, Video Streaming"
Augmented Analytics,"AI Analytics, Data Visualization Tools"
JavaScript Testing with Jest,"Jest, Unit Testing, Mocking"
Thermodynamics Laws,"Entropy, Energy Conservation, Carnot Cycle"
Heat Exchangers,"Conduction, Convection, Efficiency, Shell and Tube"
Renewable Energy Systems,"Solar Panels, Wind Turbines, Biomass, Energy Storage"
Structural Analysis,"Beam Theory, Load Distribution, Moment of Inertia"
Reinforced Concrete Design,"Rebar, Shear Strength, Flexural Design"
Power Electronics,"Converters, Inverters, DC-DC Conversion"
Circuit Design,"Breadboarding, Transistors, Voltage Regulation"
Digital Signal Processing,"FFT, Sampling, Noise Reduction, Filters"
Embedded Systems Programming,"C Programming, Real-time OS, Microcontrollers"
Robotics Kinematics,"Forward Kinematics, Inverse Kinematics, Joint Angles"
Control Theory,"PID Controllers, Stability, Transfer Functions"
Computational Fluid Dynamics,"Mesh Generation, Turbulence, Navier-Stokes Equations"
Electric Power Systems,"Load Flow Analysis, Fault Analysis, Circuit Breakers"
Artificial Intelligence Basics,"Machine Learning, Neural Networks, Decision Trees"
Renewable Energy Economics,"Cost-Benefit Analysis, Payback Period, Incentives"
Machine Learning for Engineers,"Regression, Classification, Reinforcement Learning"
Industrial Automation,"PLC, SCADA, Robotics"
Advanced Manufacturing,"CNC Machines, Additive Manufacturing, Tooling"
Geotechnical Soil Testing,"Permeability, Compaction, Shear Strength"
Pavement Design,"Asphalt Mix, Load Analysis, Pavement Layers"
Aerodynamics Basics,"Lift, Drag, Reynolds Number, Streamlines"
Propulsion Systems,"Jet Engines, Rocket Nozzles, Turbines"
Satellite Communication,"Orbital Mechanics, Frequency Bands, Signal Delay"
Wireless Sensor Networks,"Routing, Power Efficiency, Node Deployment"
IoT System Architecture,"Sensors, Actuators, MQTT Protocol"
Material Science Basics,"Crystallography, Phase Diagrams, Strength Testing"
Mechatronic Design,"Actuators, Sensors, Integration, Motion Controllers"
Water Treatment Processes,"Filtration, Disinfection, Sedimentation"
Environmental Impact Assessment,"Carbon Footprint, Environmental Compliance, Mitigation Measures"
Noise and Vibration Analysis,"Damping, Resonance, Frequency Response"
Structural Dynamics,"Modal Analysis, Earthquake Load, Time History"
Software Testing Techniques,"Unit Testing, Integration Testing, Regression Testing"
Operating Systems Design,"Scheduling, Deadlocks, Memory Management"
Nanotechnology Applications,"Drug Delivery, Nano Coatings, MEMS"
Photovoltaic Systems Design,"Maximum Power Point Tracking, Efficiency, Solar Array Layout"
Cybersecurity Protocols,"Encryption, Authentication, Firewall Rules"
Quantum Computing Basics,"Qubits, Superposition, Quantum Gates"
Mobile App Development,"APIs, User Interfaces, Cross-Platform Frameworks"
Optical Fiber Communication,"Refraction, Transmission, Wavelength Multiplexing"
Cryptographic Algorithms,"RSA, Hashing, Key Exchange"
Advanced Welding Techniques,"TIG, MIG, Laser Welding, Heat Zones"
HVAC Systems Design,"Ductwork, Thermal Comfort, Air Exchange Rates"
Hydropower Plant Design,"Turbines, Penstock, Flow Rate"
Computational Biology Tools,"BLAST, Protein Docking, Gene Sequencing"
Genetic Algorithm Applications,"Optimization, Selection, Crossover"
Fluid Power Systems,"Hydraulics, Pneumatics, Fluid Pressure"
Big Data in Engineering,"Hadoop, Spark, Data Lakes"
VLSI Design Basics,"CMOS, RTL Design, Power Optimization"
Finite Element Analysis,"Meshing, Boundary Conditions, Stress-Strain Analysis"
Machine Vision,"Object Detection, Camera Calibration, Edge Detection"
Biomedical Signal Processing,"ECG, EEG, Filtering, Feature Extraction"
Human-Computer Interaction,"User Experience, Accessibility, Input Devices"
Logistics Optimization,"Route Planning, Inventory Management, Warehouse Layout"
Bridge Engineering,"Suspension Bridges, Cable-Stayed Bridges, Load Transfer"
Offshore Structures,"Platforms, Corrosion Protection, Load Analysis"
Traffic Flow Simulation,"Vehicle Dynamics, Lane Merging, Congestion Analysis"
Railway Systems Engineering,"Tracks, Signaling, Locomotive Design"
Electric Vehicle Technology,"Batteries, Motor Design, Regenerative Braking"
Sustainable Urban Design,"Green Roofs, Smart Cities, Water Management"
Agricultural Robotics,"Crop Monitoring, Autonomous Tractors, Drone Spraying"
Energy Storage Systems,"Lithium-Ion, Supercapacitors, Flywheel"
Bioinformatics Algorithms,"Sequence Alignment, Phylogenetics, Clustering"
Signal Propagation Analysis,"Path Loss, Multi-path, Fading"
Autonomous Vehicles,"LIDAR, Path Planning, Vehicle-to-Everything (V2X)"
GIS Applications,"Mapping, Remote Sensing, Spatial Analysis"
Fintech Engineering,"Blockchain, Digital Payments, AI in Banking"
Smart Grid Technologies,"Load Balancing, Renewable Integration, Smart Meters"
Advanced Thermodynamics,"Exergy, Heat Pumps, Brayton Cycle"
Chemical Process Simulation,"HYSYS, Aspen Plus, Reaction Kinetics"
Resilient Structures,"Disaster Resistance, Seismic Dampers, Modular Design"
Additive Manufacturing Materials,"Polymers, Metals, Composites, Bioprinting"
Biomechanics of Motion,"Joint Forces, Muscle Dynamics, Kinetic Analysis"
Spacecraft Navigation,"Orbital Transfers, Star Tracking, Thruster Optimization"
RF Circuit Design,"Impedance Matching, Amplifiers, Oscillators"
Video Compression Techniques,"H.264, Frame Interpolation, Encoding"
Antenna Design,"Dipoles, Beamwidth, Polarization"
Thermal Comfort Modeling,"Heat Index, Metabolic Rate, Airflow"
Pipeline Engineering,"Corrosion Control, Flow Dynamics, Material Selection"
Bioplastic Development,"PLA, Biodegradability, Feedstock"
UAV Systems,"Flight Controllers, Payload Integration, Navigation Algorithms"
Structural Optimization,"Topology Optimization, Lightweighting, Finite Element Analysis"
Automotive Electronics,"CAN Bus, Sensors, Diagnostics"
Water Resource Modeling,"Hydraulic Models, Rainfall-Runoff, Groundwater Modeling"
High-Speed Rail Design,"Aerodynamics, Noise Reduction, Electric Traction"
Space Weather Effects,"Radiation, Satellite Communication, GPS Errors"
Medical Imaging Techniques,"X-ray, MRI, Ultrasound"
Turbomachinery Design,"Compressors, Fans, Energy Efficiency"
Microgrid Systems,"Decentralized Power, Storage Integration, Grid Stability"
Bioreactor Design,"Aeration, Agitation, Sterility"
Offshore Wind Farms,"Turbine Blades, Foundations, Cable Systems"
Nuclear Reactor Safety,"Coolant Systems, Core Meltdown, Radiation Barriers"
Optical Systems Design,"Lens Aberration, Focal Length, Coatings"
Laser Processing Techniques,"Ablation, Cutting, Welding"
Chemical Sensors Development,"Gas Detection, pH Sensors, Biosensors"
Smart Materials,"Shape Memory Alloys, Piezoelectrics, Magnetorheological"
Sustainable Building Design,"Passive Cooling, Green Roofs, Energy Efficiency"
Computational Mechanics,"FEM, Stress Analysis, Optimization"
Cyber-Physical Systems,"IoT, Embedded Systems, Real-time Control"
Energy Harvesting,"Piezoelectric, Thermoelectric, Solar Energy"
Smart Grid Technology,"Decentralization, Demand Response, Energy Storage"
Aerodynamic Shape Optimization,"CFD, Drag Reduction, Computational Tools"
Digital Twins,"Simulation, Real-time Monitoring, Predictive Maintenance"
Additive Manufacturing,"Stereolithography, Selective Laser Sintering, Fused Deposition Modeling"
5G Network Engineering,"Millimeter Wave, Network Slicing, Massive MIMO"
Edge Computing,"Low Latency, Fog Computing, IoT Applications"
Urban Transportation Systems,"Public Transit, Traffic Optimization, Mobility as a Service"
High-Performance Computing,"Parallel Computing, GPUs, Distributed Systems"
Photonics,"Optical Switches, Light Modulation, Signal Transmission"
Biodegradable Polymers,"PLA, PHA, Environmental Applications"
Fluid-Structure Interaction,"Coupled Simulations, Vibration Analysis, Wind-Induced Forces"
Advanced CAD Techniques,"Parametric Modeling, Simulation Integration, Generative Design"
Renewable Grid Integration,"Battery Systems, Load Forecasting, Hybrid Grids"
Augmented Reality Applications,"Holograms, Mixed Reality, AR Displays"
Safety Engineering,"Hazard Analysis, Risk Mitigation, Safety Standards"
Aerospace Materials,"Lightweight Alloys, Heat Resistance, Carbon Composites"
Wearable Technology,"Smart Watches, Health Monitoring, Flexible Electronics"
Blockchain in Engineering,"Decentralized Systems, Transparency, Smart Contracts"
Wireless Power Transmission,"Resonance, Inductive Coupling, Efficiency"
Cloud Computing for Engineers,"Virtualization, Scalability, Cost Optimization"
Human Factors in Engineering,"Ergonomics, Usability Testing, Cognitive Load"
AI in Healthcare,"Diagnostics, Predictive Analytics, Personalized Medicine"
Precision Agriculture,"Smart Irrigation, Yield Mapping, Drones"
Robotics in Manufacturing,"Autonomous Robots, Co-bots, Machine Learning"
Battery Recycling Technologies,"Lithium Recovery, Closed-loop Systems, Resource Efficiency"
Smart Water Management,"Leak Detection, Automated Control, IoT Sensors"
Traffic Engineering,"Traffic Flow Models, Signal Timing, Highway Capacity"
Construction Automation,"3D Printing, Robotics, Prefabrication"
AI in Transportation,"Route Optimization, Autonomous Vehicles, Traffic Predictions"
Satellite Imaging,"Remote Sensing, Resolution, Atmospheric Corrections"
Plasma Physics,"Ionization, Fusion Energy, Plasma Applications"
Carbon Capture Technologies,"Absorption, Storage, Sequestration"
Advanced Sensor Development,"MEMS, Biosensors, Quantum Sensors"
HVAC Optimization,"Thermal Zoning, Energy Recovery, Variable Air Volume Systems"
Coastal Engineering,"Beach Erosion, Storm Surge, Wave Mechanics"
Automotive AI Systems,"Autonomous Driving, Predictive Maintenance, Driver Assistance"
Smart City Infrastructure,"IoT, Urban Analytics, Energy Management"
Thermoelectric Materials,"Seebeck Effect, Heat-to-Electric Conversion, Nanostructuring"
Quantum Cryptography,"Quantum Key Distribution, Entanglement, Secure Communication"
Biofabrication,"Tissue Engineering, Bioprinting, Scaffold Design"
High-Efficiency Engines,"Turbochargers, Fuel Efficiency, Emissions Reduction"
Subsea Engineering,"Deepwater Drilling, Pipeline Design, Corrosion Resistance"
Sustainable Pavement Materials,"Recycled Asphalt, Permeable Concrete, Eco-friendly Binders"
AI-Powered Robotics,"Machine Vision, Autonomous Decision Making, Reinforcement Learning"
Advanced Battery Chemistry,"Solid-state, Sodium-ion, Thermal Management"
Electromagnetic Compatibility,"Shielding, Signal Integrity, Interference Analysis"
Smart Factory Concepts,"IoT Sensors, Predictive Maintenance, Digital Twins"
AI in Civil Engineering,"Structural Health Monitoring, Design Optimization, Risk Assessment"
Nanorobotics,"Nanoscale Manipulation, Targeted Drug Delivery, Molecular Machines"
Space Habitat Design,"Radiation Shielding, Life Support Systems, Regenerative Ecosystems"
AI in Climate Modeling,"Weather Predictions, Data Assimilation, Trend Analysis"
Advanced Welding Technologies,"Electron Beam, Friction Stir, Ultrasonic"
Computational Electromagnetics,"Maxwell’s Equations, Field Simulations, Wave Propagation"
Cryogenics,"Liquefaction, Superconductivity, Thermal Insulation"
Ocean Energy Systems,"Wave Energy, Tidal Turbines, Floating Wind Farms"
Internet of Things Applications,"Smart Devices, Data Analytics, Sensor Networks"
Advanced Polymers,"Conductive Polymers, Biodegradable Plastics, Thermoplastics"
Renewable Hydrogen Production,"Electrolysis, Fuel Cells, Hydrogen Storage"
Underground Construction,"Tunnel Boring Machines, Rock Reinforcement, Geotechnical Challenges"
Offshore Wind Farm Design,"Floating Turbines, Subsea Cabling, Foundation Systems"
Seismic Isolation Systems,"Base Isolation, Damping Mechanisms, Earthquake Engineering"
Thermal Energy Storage,"Phase Change Materials, Latent Heat, Molten Salts"
Wireless Robotics,"Remote Control, Autonomous Operations, Communication Protocols"
Advanced Plasma Applications,"Surface Treatment, Medical Plasma, Thin Film Deposition"
Nanoelectronics,"Transistors, Quantum Dots, Nano Circuits"
Energy Systems Modeling,"Optimization, Simulations, Lifecycle Analysis"
Aerodynamic Noise Reduction,"Acoustic Panels, Shape Optimization, Flow Control"
Fusion Energy Systems,"Tokamaks, Magnetic Confinement, Plasma Heating"
Resilient Infrastructure,"Disaster Preparedness, Lifeline Systems, Redundancy"
Urban Green Spaces,"Air Quality, Heat Island Mitigation, Ecosystem Services"
AI in Supply Chain Management,"Inventory Optimization, Demand Forecasting, Route Optimization"
Noise and Vibration Control,"Soundproofing, Active Damping, Noise Isolation"
AI in Manufacturing,"Process Optimization, Predictive Maintenance, Robotics"
Thermal Management in Electronics,"Heat Sinks, Liquid Cooling, Thermal Interface Materials"
Advanced Pipeline Monitoring,"Leak Detection, Smart Pigs, Remote Sensing"
Offshore Platform Design,"Floating Structures, Stability Analysis, Oil and Gas Exploration"
Digital Construction,"BIM, 4D Planning, AR Visualization"
AI in Material Discovery,"Property Predictions, Alloy Design, Polymer Synthesis"
Quantum Materials,"Topological Insulators, Superconductors, Quantum Wells"
Energy Transition Strategies,"Decarbonization, Renewable Integration, Policy Design"
Multiphysics Simulations,"Fluid-Structure Interaction, Thermal-Stress Coupling, Electromagnetic Coupling"
Offshore Oil Spill Response,"Containment Systems, Dispersants, Environmental Impact"
High-Speed Internet Technologies,"Fiber Optics, Satellite Broadband, Low-Latency Networks"
Hazardous Waste Management,"Containment, Remediation, Risk Assessment"
AI in Renewable Energy,"Load Forecasting, Solar Panel Maintenance, Wind Farm Optimization"
Renewable Energy Systems,"Solar, Wind, Biomass, Hydro, Photovoltaic, Energy Storage"
Advanced Manufacturing,"Additive Manufacturing, CNC, 3D Printing, Rapid Prototyping, Tooling"
Artificial Intelligence in Engineering,"Neural Networks, Decision Trees, Machine Learning, Reinforcement Learning"
Robotics,"Kinematics, Path Planning, Autonomous, Actuators, Sensors"
Structural Analysis,"Load Distribution, Stress-Strain, Finite Element Analysis, Beams, Frames"
Smart Cities,"IoT, Urban Analytics, Smart Grids, Mobility, Public Infrastructure"
Computational Mechanics,"FEM, CFD, Optimization, Multiphysics, Simulation"
Transportation Engineering,"Traffic Flow, Public Transit, Autonomous Vehicles, Road Safety"
IoT and Embedded Systems,"Sensors, Microcontrollers, MQTT, Real-time Systems, Wireless Networks"
Energy Storage Systems,"Batteries, Supercapacitors, Lithium-ion, Thermal Storage, Flywheels"
Environmental Engineering,"Wastewater, Carbon Sequestration, Emission Control, Renewable Energy"
Biomechanics,"Tissue Mechanics, Joint Dynamics, Muscle Forces, Prosthetics"
Control Systems,"PID Controllers, Stability, Transfer Functions, Dynamic Models"
Nanotechnology,"Nanomaterials, MEMS, Drug Delivery, Nano Coatings"
Aerodynamics,"Lift, Drag, Turbulence, Reynolds Number, Flow Analysis"
Telecommunications,"5G, Antennas, Signal Processing, Optical Fibers, Frequency Bands"
High-Performance Computing,"GPUs, Parallel Computing, Cloud Infrastructure, Data Centers"
Advanced Welding,"TIG, MIG, Laser Welding, Friction Stir, Heat-Affected Zone"
Machine Vision,"Object Recognition, Camera Calibration, Image Processing, AI Vision"
Cybersecurity,"Encryption, Authentication, Network Security, Firewalls, Secure Protocols"
Blockchain Applications,"Decentralized Systems, Smart Contracts, Transparency, Crypto-ledgers"
Geotechnical Engineering,"Soil Mechanics, Foundations, Earthworks, Seismic Resistance"
Water Resource Management,"Hydraulic Models, Flood Control, Groundwater Recharge, Drought Management"
Structural Dynamics,"Seismic Analysis, Vibration Control, Dynamic Load, Modal Analysis"
Aerospace Engineering,"Propulsion, Satellite Systems, Jet Engines, Orbital Dynamics"
Urban Planning,"Sustainable Design, Public Transit, Zoning, GIS, Smart Cities"
Artificial Intelligence in Healthcare,"Diagnostics, Predictive Analytics, AI-assisted Surgery, Medical Imaging"
Bioinformatics,"Genetic Algorithms, Protein Folding, Sequence Alignment, Gene Sequencing"
Electric Vehicles,"Batteries, Motors, Power Electronics, Charging Stations"
Advanced Materials,"Polymers, Composites, Alloys, High-Strength Materials"
Offshore Engineering,"Platforms, Subsea Pipelines, Corrosion Protection, Deepwater Drilling"
AI in Manufacturing,"Process Optimization, Robotics, Predictive Maintenance, Scheduling"
HVAC Systems,"Thermal Comfort, Duct Design, Energy Recovery, Zoning"
Renewable Hydrogen,"Electrolysis, Fuel Cells, Hydrogen Storage, Green Hydrogen"
Structural Health Monitoring,"Sensors, Non-destructive Testing, Vibration Analysis, Data Logging"
Wireless Power Transfer,"Inductive Coupling, Resonance, Efficiency, Power Beaming"
Seismic Engineering,"Base Isolation, Earthquake Loads, Building Codes, Risk Assessment"
Quantum Computing,"Qubits, Quantum Gates, Superposition, Quantum Algorithms"
Marine Engineering,"Ship Design, Propulsion Systems, Corrosion, Hydrodynamics"
Additive Manufacturing in Medicine,"Bioprinting, Implants, Tissue Scaffolds, Prosthetics"
Big Data,"Hadoop, Data Lakes, Predictive Analytics, Real-time Processing"
Space Exploration,"Rocket Design, Lunar Habitats, Satellite Technology, Deep Space Missions"
Urban Mobility,"Autonomous Cars, Shared Mobility, Traffic Optimization, Smart Parking"
Advanced Polymers,"Biodegradability, High Strength, Conductive Polymers, Processing Techniques"
Energy Systems Modeling,"Optimization, Load Forecasting, Lifecycle Analysis, Hybrid Systems"
Digital Twins,"Virtual Simulations, Data Synchronization, Predictive Analytics"
Smart Grid,"Load Balancing, Renewable Integration, Demand Response, Grid Stability"
Thermal Engineering,"Heat Exchangers, Energy Efficiency, Thermal Storage, Phase Change Materials"
Autonomous Systems,"LIDAR, SLAM, Path Planning, AI Algorithms"
Advanced Chemical Engineering,"Reaction Kinetics, Catalysis, Process Optimization"
Optical Systems,"Lenses, Refraction, Imaging, Fiber Optics"
Industrial Automation,"PLCs, SCADA, Robotics, IoT Integration"
AI in Construction,"BIM, 4D Modeling, Risk Management, Construction Robotics"
Smart Wearables,"Flexible Electronics, Health Monitoring, AR Integration"
Renewable Energy Policy,"Incentives, Feed-in Tariffs, Carbon Credits, Green Certification"
Turbomachinery,"Compressors, Turbines, Fans, Efficiency"
GIS in Engineering,"Mapping, Remote Sensing, Spatial Data Analysis"
Bioreactors,"Aeration, Sterility, Cell Cultures, Continuous Processing"
Surface Engineering,"Coatings, Corrosion Resistance, Plasma Treatments"
Medical Imaging,"X-Ray, MRI, Ultrasound, CT Scans"
Power Electronics,"Inverters, Converters, Power Supplies, Energy Conversion"
Supply Chain Optimization,"Route Planning, Inventory Management, Forecasting, Cost Reduction"
Pavement Materials,"Recycled Asphalt, Permeability, Structural Integrity"
Construction Materials,"Sustainable Materials, Composites, Recycled Concrete, Insulation"
Turbulence Modeling,"Reynolds Equations, Boundary Layers, CFD"
Material Science,"Crystallography, Phase Diagrams, Mechanical Properties"
Offshore Renewable Energy,"Tidal, Wave, Floating Wind Turbines"
Precision Engineering,"Tolerances, Micromachining, High Accuracy Systems"
Hybrid Electric Systems,"Parallel Systems, Regenerative Braking, Efficiency"
Space Robotics,"Rovers, Planetary Exploration, Autonomous Operation"
Urban Waste Management,"Recycling, Landfill Management, Waste-to-Energy"
Chemical Process Simulation,"HYSYS, Aspen Plus, Flow Reactions, Optimization"
Water Quality Monitoring,"Sensors, pH Measurement, Contaminant Detection"
Offshore Structural Analysis,"Wave Forces, Fatigue, Stability Analysis"
Optical Communication,"Fiber Optics, Multiplexing, Light Modulation"
Ocean Energy Systems,"Wave Power, Tidal Energy, Offshore Platforms"
Advanced Robotics,"Humanoids, Exoskeletons, Autonomous Systems"
Waste-to-Energy Technology,"Biogas, Incineration, Thermal Conversion"
Energy Transition,"Decarbonization, Renewable Integration, Fossil Fuel Reduction"
Smart Agricultural Systems,"Irrigation, Precision Monitoring, Drone Usage"
Quantum Technologies,"Cryptography, Computing, Quantum Sensors"
Bioplastics,"PLA, Biodegradability, Sustainable Packaging"
High-Speed Trains,"Aerodynamics, Electric Traction, Noise Reduction"
Internet of Medical Things (IoMT),"Wearable Devices, Remote Monitoring, IoT Sensors"
Noise and Vibration Engineering,"Resonance, Damping, Acoustic Panels"
Geothermal Energy,"Heat Pumps, Ground Loops, Resource Mapping"
Thermodynamics,"Heat Transfer, Entropy, First Law, Carnot Cycle"
Fluid Mechanics,"Bernoulli Equation, Reynolds Number, Viscosity, Flow Dynamics"
Heat Transfer,"Conduction, Convection, Radiation, Heat Exchangers"
Machine Design,"Stress Analysis, Fatigue, Gears, Shafts"
Robotics,"Kinematics, Dynamics, Actuators, Sensors"
Automotive Engineering,"Internal Combustion Engine, Drivetrain, Suspension, Aerodynamics"
Computational Fluid Dynamics (CFD),"Turbulence Modeling, Mesh Generation, Solver Algorithms"
Manufacturing Processes,"Machining, Casting, Welding, Injection Molding"
Materials Science,"Hardness, Ductility, Alloys, Microstructure"
HVAC Systems,"Refrigeration, Heat Pumps, Duct Design, Energy Efficiency"
Kinematics and Dynamics,"Velocity, Acceleration, Force, Torque"
Finite Element Analysis (FEA),"Meshing, Stress-Strain, Boundary Conditions"
Renewable Energy,"Wind Turbines, Solar Thermal, Biomass, Hydro Energy"
Vibration Analysis,"Natural Frequency, Damping, Mode Shapes"
Control Systems,"PID Control, Stability Analysis, Feedback Systems"
Additive Manufacturing,"3D Printing, Sintering, Material Extrusion"
Fracture Mechanics,"Crack Propagation, Stress Intensity Factor, Fatigue"
Advanced Welding,"TIG, MIG, Friction Stir, Laser Welding"
Aerodynamics,"Drag Reduction, Lift, Flow Separation, Wind Tunnel Testing"
Renewable Hydrogen Systems,"Fuel Cells, Electrolysis, Hydrogen Storage"
Turbo Machinery,"Compressors, Turbines, Pumps, Efficiency"
Biomechanics,"Prosthetics, Joint Forces, Human Motion Analysis"
Mechatronics,"Sensors, Microcontrollers, Actuators, Control Systems"
Energy Storage Systems,"Batteries, Flywheels, Thermal Energy, Supercapacitors"
Combustion Engines,"Spark Ignition, Diesel Engines, Emissions, Fuel Injection"
Power Plant Engineering,"Steam Turbines, Boilers, Combined Cycle, Efficiency"
Fluid-Structure Interaction,"Coupled Systems, Flutter, Flow-induced Vibrations"
Tribology,"Friction, Wear, Lubrication, Surface Engineering"
Cryogenics,"Liquefaction, Supercooling, Thermal Insulation"
Surface Engineering,"Coatings, Plasma Treatment, Corrosion Resistance"
Renewable Energy Integration,"Smart Grids, Hybrid Systems, Load Balancing"
Hydraulic Systems,"Actuators, Pumps, Control Valves, Fluid Power"
Pneumatic Systems,"Air Compressors, Actuators, Pressure Control"
Noise and Vibration Control,"Active Damping, Soundproofing, Isolation"
Design for Manufacturing,"DFM, Tolerances, Prototyping, Cost Reduction"
Gear Design,"Spur Gears, Helical Gears, Load Distribution"
Smart Materials,"Shape Memory Alloys, Piezoelectric, Magnetostrictive"
Offshore Engineering,"Wave Dynamics, Subsea Structures, Floating Systems"
Optimization in Engineering,"Topology Optimization, Gradient Descent, Genetic Algorithms"
Renewable Energy Technologies,"Photovoltaics, Wind Energy, Biomass Conversion"
Computational Mechanics,"Stress Analysis, Dynamic Simulations, Multiphysics Coupling"
Hydraulic Turbines,"Kaplan Turbines, Francis Turbines, Efficiency"
Smart Factory,"Automation, IoT Sensors, Digital Twins"
Non-destructive Testing (NDT),"Ultrasonic, Radiography, Eddy Current, Magnetic Particle"
Advanced Polymers,"Thermoplastics, Elastomers, Biodegradable Plastics"
Multiphase Flow,"Bubbles, Droplets, Slurry Transport"
Rotating Machinery,"Bearings, Balancing, Shaft Dynamics"
Advanced Propulsion Systems,"Electric Propulsion, Hybrid Engines, High-thrust Systems"
Heat Exchanger Design,"Shell-and-Tube, Plate Heat Exchangers, Thermal Efficiency"
Smart Manufacturing,"IoT Integration, Real-time Monitoring, Predictive Maintenance"
HVAC Optimization,"Thermal Zoning, Variable Air Volume Systems, Energy Recovery"
Pipeline Engineering,"Flow Assurance, Leak Detection, Corrosion Monitoring"
Seismic Engineering,"Base Isolation, Earthquake Loads, Resilient Structures"
Machine Learning in Engineering,"Predictive Models, Process Optimization, Anomaly Detection"
Wind Turbine Technology,"Blade Design, Aerodynamics, Energy Conversion"
Advanced Composites,"Fiber Reinforcement, Lightweight Structures, Laminate Analysis"
Refrigeration Systems,"Vapor Compression, Refrigerants, Coefficient of Performance"
Hybrid Electric Systems,"Regenerative Braking, Electric Motors, Power Management"
Boiler Design,"Heat Recovery, Drum Boilers, Superheaters"
Nanomechanics,"Nanoscale Deformation, Atomic Structures, Quantum Effects"
Computational Thermodynamics,"Phase Equilibria, Energy Minimization, Thermodynamic Cycles"
Advanced Sensors,"MEMS, Piezoelectric Sensors, Quantum Sensors"
Renewable Grid Integration,"Battery Storage, Load Forecasting, Distributed Energy"
Smart Actuators,"Shape Memory Alloys, Piezoelectric, Magnetorheological"
Design of Experiments (DOE),"Statistical Analysis, Response Variables, Factorial Design"
Plasma Applications,"Coating Deposition, Surface Cleaning, Plasma Etching"
Advanced Joining Techniques,"Friction Stir, Ultrasonic Welding, Adhesive Bonding"
Artificial Intelligence in Design,"Generative Design, Structural Optimization, AI-assisted Prototyping"
Computational Material Science,"Molecular Dynamics, Microstructure Simulations, Materials Design"
Mechanical System Reliability,"Fatigue Analysis, Lifecycle Prediction, Redundancy"
High-Speed Machining,"Tool Wear, Surface Finish, Spindle Dynamics"
Engineering Metrology,"Precision Measurement, Calibration, GD&T"
Spacecraft Mechanisms,"Deployable Structures, Reaction Wheels, Thermal Control Systems"
Offshore Renewable Energy,"Wave Energy, Tidal Turbines, Floating Platforms"
Dynamic System Modeling,"State Space, Transfer Functions, Feedback Systems"
Hydraulic Cylinder Design,"Seals, Rod Strength, Pressure Ratings"
Thermoelectric Materials,"Seebeck Effect, Waste Heat Recovery, Nanostructures"
Propeller Design,"Cavitation, Thrust, Blade Efficiency"
Renewable Energy Storage,"Pumped Hydro, Flywheels, Thermal Storage"
Robotics in Manufacturing,"Industrial Automation, AI Integration, Cobots"
Advanced Cutting Tools,"Carbides, Coatings, Cutting Fluids"
Jet Engine Design,"Turbomachinery, Combustion Chambers, Thrust-to-Weight Ratio"
Bio-inspired Robotics,"Soft Robotics, Swarm Intelligence, Adaptive Mechanisms"
Urban Transport Systems,"Public Transit, Traffic Optimization, Shared Mobility"
Environmental Sustainability,"Carbon Emissions, Lifecycle Assessment, Renewable Materials"
Offshore Drilling Systems,"Deepwater Rigs, Blowout Preventers, Drill String Design"
Pressure Vessel Design,"Stress Analysis, Material Selection, Safety Standards"
Small Modular Reactors (SMRs),"Nuclear Fuel, Reactor Safety, Thermal Efficiency"
Sustainable Materials,"Recycled Materials, Eco-friendly Alloys,"
Power Systems,"Load Flow, Transmission, Grid Stability, Circuit Breakers"
Renewable Energy Integration,"Solar Panels, Wind Turbines, Smart Grid, Storage Systems"
Control Systems,"Feedback Loops, PID Controller, Stability, Transfer Function"
Electric Machines,"Transformers, Motors, Generators, Electromagnetic Fields"
Signal Processing,"Fourier Transform, Filters, Sampling, Noise Reduction"
Embedded Systems,"Microcontrollers, Firmware, Real-time Processing, Sensors"
VLSI Design,"CMOS, HDL, Integrated Circuits, Transistor Scaling"
Wireless Communication,"Antennas, Modulation, OFDM, Spectrum Efficiency"
Internet of Things (IoT),"Sensors, Wireless Protocols, MQTT, Cloud Integration"
Electric Vehicles,"Battery Management, Motor Control, Charging Infrastructure, Regenerative Braking"
Smart Grid,"Decentralized Power, Demand Response, Cybersecurity, Energy Storage"
High Voltage Engineering,"Insulation, Surge Arresters, Circuit Breakers, Partial Discharges"
Microgrids,"Distributed Generation, Renewable Energy, Storage Systems"
Digital Electronics,"Logic Gates, Flip-Flops, Karnaugh Maps, Digital Circuits"
Energy Harvesting,"Piezoelectric, Thermoelectric, Solar, Vibrational Energy"
Biomedical Instrumentation,"ECG, EEG, Medical Sensors, Bio-Signal Processing"
Photovoltaic Systems,"Solar Cells, MPPT, Inverters, Efficiency"
Power Electronics,"Converters, Inverters, Rectifiers, PWM"
Cyber-Physical Systems,"Real-time Systems, IoT, Embedded Systems, Security"
Digital Signal Processing (DSP),"FFT, Wavelets, Filter Design, Speech Processing"
Robotics and Automation,"Sensors, Actuators, Motor Drives, Path Planning"
Wireless Power Transfer,"Inductive Coupling, Resonant Circuits, Power Efficiency"
MEMS Technology,"Microfabrication, Accelerometers, Pressure Sensors"
Energy Storage,"Lithium-ion, Supercapacitors, Solid-State Batteries"
Power Distribution Systems,"Transformers, Load Balancing, Grid Optimization"
Artificial Intelligence in Power Systems,"Demand Forecasting, Fault Detection, Grid Resilience"
Electromagnetic Compatibility (EMC),"EMI, Shielding, Grounding, Signal Integrity"
Renewable Energy Systems,"Solar Power, Wind Farms, Energy Conversion, Integration"
Electric Drives,"DC Motors, AC Motors, Speed Control, Efficiency"
Industrial Automation,"PLC, SCADA, Process Control, Machine Interfaces"
FPGA Programming,"Verilog, VHDL, Logic Design, Embedded Processors"
Smart Metering,"Energy Monitoring, Data Collection, Load Analysis"
Lighting Systems,"LED Technology, Energy Efficiency, Photometry"
Analog Circuits,"Amplifiers, Oscillators, Filters, Op-Amps"
Battery Management Systems,"Charging, Discharging, State of Charge, Thermal Management"
Electromagnetic Fields,"Gauss’s Law, Maxwell’s Equations, Magnetic Circuits"
Advanced Semiconductor Devices,"MOSFETs, BJTs, Photodiodes, Zener Diodes"
Industrial Power Systems,"Three-phase Systems, Harmonics, Load Management"
Grid-Tied Solar Systems,"Inverters, Synchronization, Grid Codes"
Wireless Sensor Networks (WSN),"Zigbee, LoRa, IoT Nodes, Energy Optimization"
Smart Appliances,"IoT Integration, Home Automation, Energy Monitoring"
HVDC Transmission,"Rectifiers, Inverters, Cable Design, Power Flow"
Electric Propulsion Systems,"Motors, Drives, Batteries, Inverters"
RF Circuits,"Oscillators, Amplifiers, Impedance Matching"
Microwave Engineering,"Waveguides, Antenna Design, Radar Systems"
Artificial Intelligence in Electronics,"Circuit Design Optimization, Fault Diagnosis, Machine Learning Models"
Energy Conversion Systems,"Generators, Inverters, Transformers, Power Losses"
Telemetry Systems,"Remote Sensing, Data Acquisition, Signal Transmission"
Quantum Electronics,"Quantum Dots, Qubits, Quantum Communication"
Renewable Hybrid Systems,"Solar-Wind Hybrid, Battery Backup, Grid Integration"
Electro-Mechanical Systems,"Motors, Sensors, Actuators, Mechanical Interfaces"
High Frequency Electronics,"RF Amplifiers, Wave Propagation, Signal Transmission"
Instrumentation Systems,"Data Acquisition, Signal Conditioning, Sensors"
Electric Power Transmission,"Overhead Lines, Underground Cables, Efficiency"
Analog-to-Digital Conversion,"ADC Circuits, Sampling, Quantization"
Machine Learning in Power Systems,"Load Forecasting, Fault Prediction, Optimization"
Quantum Cryptography,"Entanglement, Key Distribution, Secure Communication"
Bioelectronics,"Neural Interfaces, Wearable Devices, Biosensors"
Virtual Reality Systems,"VR Headsets, Motion Tracking, Signal Synchronization"
Advanced Robotics,"LIDAR, SLAM, Kinematics, Path Optimization"
Optical Fiber Communication,"Wavelength Division Multiplexing, Signal Loss, Fiber Splicing"
Circuit Simulation,"SPICE, Transient Analysis, Frequency Response"
AI for Smart Grids,"Load Balancing, Fault Recovery, Renewable Integration"
High-Speed Circuits,"Clock Design, Signal Integrity, Transmission Line Effects"
Smart Traffic Systems,"Sensors, Traffic Lights, Vehicle Detection"
Electric Aircraft,"Propulsion Systems, Energy Storage, Efficiency"
Solid-State Devices,"Diodes, Transistors, IC Chips"
Antenna Design,"Dipole Antennas, Beamforming, Array Design"
Electric Power Generation,"Hydro, Solar, Thermal, Wind"
Electrical Safety,"Grounding, Insulation, Circuit Protection"
Renewable Energy Policy,"Feed-in Tariffs, Carbon Credits, Subsidies"
Hybrid Renewable Systems,"Solar-Biomass, Wind-Solar, Hybrid Grids"
Sustainable Energy Systems,"Decarbonization, Net Zero, Renewable Integration"
Electric Vehicle Charging Stations,"Fast Charging, Wireless Charging, Infrastructure Design"
Low Power Design,"Sleep Modes, Energy Optimization, Circuit Design"
Thermal Management in Electronics,"Heat Sinks, Liquid Cooling, Thermal Pastes"
High-Speed Networks,"Optical Fibers, Data Transfer, Communication Protocols"
Embedded AI,"Edge Computing, Real-time Learning, Hardware Acceleration"
Cybersecurity for Power Systems,"SCADA Security, Data Encryption, Intrusion Detection"
Sensor Networks,"Data Acquisition, Wireless Protocols, Network Optimization"
Electrical Fault Analysis,"Short Circuits, Ground Faults, Arc Faults"
Renewable Energy Economics,"Cost Analysis, ROI, Payback Period"
Resilient Grid Systems,"Load Management, Backup Systems, Decentralized Power"
Solar Power Optimization,"Panel Orientation, Efficiency Boosting, MPPT"
Offshore Wind Farms,"Turbine Design, Grid Integration, Maintenance"
Battery Recycling,"Lithium Recovery, Resource Efficiency, Closed-loop Systems"
Advanced AI in Electric Systems,"Predictive Maintenance, Optimization, Fault Diagnostics"
Power System Reliability,"Redundancy, Fault Tolerance, Load Sharing"
Plasma Applications in Electronics,"Thin Film Deposition, Surface Treatments, Semiconductor Fabrication"
Electrical Energy Audits,"Power Consumption, Efficiency Analysis, Load Balancing"
Digital Signal Processing,"Fourier Transform, Filters, Sampling, Quantization, Convolution"
VLSI Design,"CMOS, FPGA, ASIC, Layout Design, RTL"
Embedded Systems,"Microcontrollers, RTOS, Peripherals, I/O Interfaces, Firmware"
Power Electronics,"Inverters, Converters, PWM, Rectifiers, Switch-Mode Power Supplies"
Analog Circuit Design,"Op-Amps, Filters, Amplifiers, Oscillators, Feedback Circuits"
Microprocessors and Microcontrollers,"ARM, RISC, x86, Instruction Sets, Timers"
Wireless Communication,"Modulation, OFDM, MIMO, Antennas, Signal Propagation"
IoT Devices,"Sensors, Actuators, MQTT, Low Power Design, Zigbee"
PCB Design,"Schematic Capture, Routing, Signal Integrity, Multi-layer Boards"
Quantum Electronics,"Qubits, Quantum Gates, Entanglement, Quantum Computing"
MEMS Technology,"Microfabrication, Sensors, Actuators, RF MEMS, Nano-electronics"
RF Engineering,"Impedance Matching, Antennas, Modulation, RF Amplifiers, Spectrum Analysis"
Digital Electronics,"Flip-Flops, Counters, Logic Gates, Sequential Circuits, Timing Diagrams"
Optoelectronics,"LEDs, Laser Diodes, Photodetectors, Fiber Optics"
Signal Integrity,"Crosstalk, Reflection, Noise Margins, Impedance, Transmission Lines"
Semiconductor Devices,"Diodes, Transistors, MOSFETs, IGBT, Junctions"
Analog-to-Digital Conversion (ADC),"Sampling Rate, Resolution, Quantization Noise, Flash ADC, Sigma-Delta"
Digital-to-Analog Conversion (DAC),"Resolution, Settling Time, Conversion Rate, Ladder Networks"
Audio Electronics,"Equalizers, Amplifiers, Noise Reduction, Digital Audio Processing"
Automotive Electronics,"ECU, CAN Bus, Sensors, Infotainment Systems, Power Management"
Control Systems in Electronics,"PID, Feedback Loops, Transfer Functions, Stability"
Robotics Electronics,"Motor Drivers, Servo Systems, Sensor Fusion, Control Boards"
Wearable Electronics,"Flexible Circuits, Battery Optimization, Biosensors"
Biomedical Electronics,"ECG, EEG, Biomedical Sensors, Signal Conditioning"
Renewable Energy Electronics,"Solar Inverters, MPPT, Grid Synchronization, Battery Management Systems"
Communication Protocols,"UART, SPI, I2C, Ethernet, CAN"
Low Power Electronics,"Sleep Modes, Power Gating, Low Voltage Design"
EDA Tools,"Cadence, Synopsys, Altium, KiCad, SPICE"
Electronics for AI,"Neural Network Accelerators, Edge Devices, GPUs, ASICs"
Internet of Things (IoT),"IoT Gateways, Wireless Protocols, Data Processing, Device Interfacing"
Industrial Electronics,"PLCs, Industrial Sensors, Motor Control, HMI Systems"
Nanoelectronics,"Quantum Dots, Nanotubes, Nano Transistors, Molecular Electronics"
Flexible Electronics,"Thin-film Transistors, Organic LEDs, Printed Circuits"
Photovoltaics in Electronics,"Solar Cells, MPPT, Charge Controllers"
Wireless Power Transfer,"Inductive Coupling, Resonant Coupling, Power Efficiency"
High-Speed Digital Design,"Signal Integrity, Timing Analysis, Jitter, Eye Diagrams"
Mixed-Signal Circuits,"ADC, DAC, Amplifiers, Clock Circuits, Filters"
Cybersecurity in Electronics,"Hardware Security Modules, Encryption, Secure Boot"
FPGA-Based Design,"LUTs, Verilog, VHDL, High-speed I/O, Clock Management"
Advanced Display Technology,"OLED, QLED, MicroLED, Pixel Arrangement, Display Drivers"
Sensor Technology,"Accelerometers, Gyroscopes, Temperature Sensors, Piezoelectric Sensors"
High-Frequency Electronics,"Oscillators, Mixers, Modulators, RF Circuit Design"
Energy Harvesting Systems,"Piezoelectric, Thermoelectric, Energy Scavenging"
Embedded Artificial Intelligence,"Edge Computing, TinyML, Model Compression, AI Frameworks"
Wireless Sensor Networks,"Zigbee, LoRa, Mesh Networks, Energy Efficiency"
Power Management ICs,"Voltage Regulators, DC-DC Converters, Battery Chargers"
Smart Grid Electronics,"Smart Meters, Communication Modules, Grid Control Systems"
Consumer Electronics,"Home Automation, Wearables, Portable Devices"
IoT Security,"Secure Protocols, End-to-End Encryption, Device Authentication"
Energy-Efficient Microcontrollers,"Ultra-low Power, Sleep Modes, ARM Cortex-M, Optimized Peripherals"
LED Lighting Systems,"Lumens, Color Temperature, Driver Circuits"
Advanced Communication Systems,"5G, mmWave, LTE, Signal Processing"
Medical Sensors,"Pulse Oximeters, Glucose Monitors, Bioimpedance Sensors"
Artificial Intelligence Hardware,"TPU, GPU, Neural Processing Units, Accelerators"
Automotive Power Electronics,"EV Chargers, Inverters, Motor Controllers"
Photonic Circuits,"Silicon Photonics, Optical Switches, Modulators"
Circuit Optimization,"Low Power Design, Performance Tuning, Parasitic Reduction"
Advanced Battery Management,"Charge Balancing, Thermal Management, State of Charge Estimation"
Signal Processing in 5G,"Beamforming, Massive MIMO, Carrier Aggregation"
Electronics for Renewable Energy,"Grid Tied Inverters, Battery Storage, Energy Conversion"
Automotive Sensors,"Radar, LiDAR, Ultrasonic Sensors, TPMS"
Mixed Domain Simulation,"SPICE Models, Transient Analysis, Behavioral Modeling"
Embedded Security Systems,"Trusted Platform Modules, Secure Key Storage"
AI in Electronics Design,"Generative Design, Fault Detection, Design Verification"
Plasma Electronics,"Plasma Displays, Surface Treatments, Ionization"
Lighting Electronics,"Dimmable Drivers, Smart Lighting Systems, Adaptive Brightness"
Sensor Fusion,"Data Integration, Kalman Filtering, Multi-Sensor Systems"
Smart Home Electronics,"IoT Devices, Automation Systems, Energy Efficiency"
Biomedical Circuit Design,"Signal Conditioning, Amplifiers, A/D Conversion"
3D ICs,"TSVs (Through-Silicon Vias), Stacking, Heat Dissipation"
Electronics for Aerospace,"Radiation-Hardened Circuits, High Reliability, EMI Shielding"
ASIC Design,"RTL Design, Synthesis, Place-and-Route, Testing"
Wearable Biosensors,"Sweat Analysis, Heart Rate Monitors, Flexible Circuitry"
High Voltage Electronics,"Insulation, Circuit Breakers, Power Distribution"
Advanced Sensing Systems,"LiDAR, Infrared Sensors, Optical Sensors"
Cyber-Physical Electronics,"IoT Integration, Edge Computing, System Security"
Vehicle Electronics Systems,"ADAS, Infotainment, Telematics, Autonomous Navigation"
Battery Technology,"Lithium-ion, Solid State, Fast Charging, Cycle Life"
RFIC Design,"LNAs, Mixers, VCOs, Frequency Synthesizers"
Automotive Communication Systems,"CAN, LIN, MOST, Automotive Ethernet"
Transparent Electronics,"Conductive Glass, Transparent OLEDs, Display Integration"
Fault Detection in Electronics,"Self-healing Circuits, Monitoring Systems, Signal Diagnostics"
Hardware Accelerators,"FPGA, TPU, Neural Network Processors, ASICs"
Structural Analysis,"Load Distribution, Stress, Moment of Inertia, FEM, Shear Forces"
Geotechnical Engineering,"Soil Mechanics, Slope Stability, Bearing Capacity, Retaining Walls"
Construction Management,"Project Planning, CPM, Scheduling, Cost Estimation, Resource Allocation"
Earthquake Engineering,"Seismic Load, Base Isolation, Dynamic Response, Vibration Analysis"
Building Information Modeling (BIM),"3D Modeling, 4D Scheduling, Clash Detection, Virtual Design"
Sustainable Construction,"Green Materials, LEED Certification, Carbon Footprint, Waste Management"
Hydraulic Engineering,"Open Channels, Pipe Networks, Fluid Mechanics, Pump Design"
Traffic Engineering,"Traffic Flow Models, Signal Timing, Capacity Analysis, Intersection Design"
Highway Engineering,"Pavement Design, Asphalt Mix, Road Safety, Drainage Systems"
Bridge Design,"Load Distribution, Truss Analysis, Cable-Stayed, Suspension Bridges"
Concrete Technology,"Admixtures, Curing, Compressive Strength, Durability"
Steel Structures,"Bolted Joints, Welding, Beams, Tension Members"
Surveying and Mapping,"Total Station, GPS, Leveling, Topographic Maps"
Reinforced Concrete Design,"Flexure, Shear Reinforcement, Column Design, Beam Design"
Prestressed Concrete,"Pre-Tensioning, Post-Tensioning, Losses, Anchorage"
Urban Drainage Systems,"Stormwater Management, Sewer Design, Infiltration, Detention Basins"
Environmental Impact Assessment,"Noise Pollution, Air Quality, Ecological Balance, Sustainability"
Wastewater Treatment,"Biological Treatment, Activated Sludge, Aeration, Sedimentation"
Geosynthetics in Engineering,"Geotextiles, Geogrids, Slope Stability, Reinforced Soil"
Masonry Structures,"Brickwork, Mortar, Load-Bearing Walls, Compressive Strength"
Retrofitting and Rehabilitation,"Strengthening, Fiber Reinforced Polymer, Seismic Upgrades"
Tall Building Design,"Wind Loads, Lateral Stability, Outrigger Systems, Dynamic Analysis"
Smart Cities,"IoT Integration, Urban Planning, Transportation Networks, Public Utilities"
Railway Engineering,"Track Design, Alignment, Signaling, Ballast"
Water Supply Systems,"Storage Tanks, Distribution Networks, Hydraulic Modeling, Pumping Stations"
Dams and Reservoirs,"Spillways, Overflow, Hydropower, Silt Control"
Tunnel Engineering,"Boring Machines, Ventilation, Lining, Rock Support"
Flood Risk Management,"Flood Modeling, Embankments, Channel Diversion, Floodplain Mapping"
Land Reclamation,"Dredging, Soil Stabilization, Coastal Engineering, Drainage Systems"
Pavement Design,"Flexible Pavements, Rigid Pavements, Subgrade, Bituminous Layers"
Remote Sensing,"Satellite Imagery, Aerial Surveying, GIS, Spatial Analysis"
Sustainable Urban Development,"Low-Impact Design, Renewable Energy, Public Transit, Green Roofs"
Earth Retaining Structures,"Cantilever Walls, Anchored Walls, Sheet Piles, Stability Analysis"
Ground Improvement Techniques,"Grouting, Vibrocompaction, Dynamic Compaction, Soil Nailing"
Coastal Engineering,"Wave Mechanics, Beach Erosion, Breakwaters, Coastal Protection Structures"
Pavement Materials,"Asphalt Mix Design, Aggregates, Bitumen, Polymer-Modified Binders"
Road Safety Engineering,"Traffic Signage, Guardrails, Speed Control, Accident Prevention"
Airport Engineering,"Runway Design, Taxiways, Pavement Thickness, Aircraft Loading"
Hydrology and Water Resources,"Rainfall-Runoff, Watershed Modeling, Groundwater Recharge, Flood Routing"
Low-Cost Housing,"Affordable Materials, Prefabrication, Space Optimization, Durability"
Sustainable Infrastructure,"Renewable Materials, Life Cycle Assessment, Climate Resilience"
Finite Element Analysis in Structures,"Mesh Generation, Stress Analysis, Boundary Conditions, Stiffness Matrix"
Blast-Resistant Design,"Shock Waves, Dynamic Load, Explosion Mitigation, Protective Barriers"
Irrigation Engineering,"Canal Design, Sprinkler Systems, Drip Irrigation, Flow Measurement"
Groundwater Hydraulics,"Aquifers, Well Design, Permeability, Hydraulic Gradient"
Historical Restoration,"Conservation, Architectural Details, Structural Strengthening, Materials"
Advanced Construction Techniques,"Slip Forming, Prefabrication, Tunnel Boring, Lightweight Materials"
Urban Heat Island Mitigation,"Green Spaces, Cool Roofs, Reflective Pavements, Tree Planting"
Sewage Treatment,"Biological Processes, Membrane Filtration, Sludge Management, Disinfection"
Climate-Resilient Infrastructure,"Flood-Proofing, Stormwater Management, Adaptive Design, Resilience Metrics"
Pavement Rehabilitation,"Resurfacing, Crack Sealing, Overlay, Pavement Evaluation"
GIS in Civil Engineering,"Spatial Data, Topography, Land Use, Infrastructure Planning"
Cold Regions Engineering,"Frost Heave, Insulation, Permafrost, Snow Load"
Sedimentation Engineering,"Erosion Control, Silt Management, Dredging Techniques"
Water Resource Economics,"Cost-Benefit Analysis, Water Pricing, Policy Design, Sustainability"
River Engineering,"Channel Design, Bank Protection, Sediment Transport, Navigation"
Smart Construction Materials,"Self-healing Concrete, Photocatalytic Materials, Thermochromic Coatings"
Building Automation Systems,"HVAC Control, Energy Monitoring, Fire Safety, Security Systems"
Noise Control in Buildings,"Acoustic Panels, Insulation, Sound Absorption, Noise Mapping"
High-Strength Materials,"Carbon Fiber, High-Performance Concrete, Advanced Alloys"
Underground Storage Structures,"Tanks, Vaults, Cryogenic Storage, Waterproofing"
Multi-story Parking Structures,"Ramp Design, Load Distribution, Space Optimization, Safety"
Remote Monitoring of Structures,"IoT Sensors, Wireless Data, Real-time Monitoring, Structural Health"
Dam Safety Assessment,"Spillway Capacity, Structural Stability, Seepage Control, Emergency Planning"
Erosion and Sediment Control,"Silt Fences, Sediment Basins, Geotextiles, Vegetative Cover"
Temporary Structures,"Scaffolding, Shoring, Temporary Bridges, Formwork"
Advanced Earthquake Modeling,"Soil-Structure Interaction, Nonlinear Analysis, Seismic Hazard Maps"
Wind Engineering,"Wind Loads, Aerodynamics, Vortex Shedding, Wind Tunnel Testing"
Urban Traffic Management,"Signal Coordination, Traffic Simulation, Intersection Geometry"
Building Acoustics,"Soundproofing, Reverberation, Noise Transmission, Vibration Control"
Hydraulic Structures,"Spillways, Weirs, Stilling Basins, Dams"
Canal Automation,"Gate Control, Flow Measurement, Remote Monitoring"
Water Distribution Network Design,"Pipe Sizing, Pumping Systems, Leak Detection, Hydraulic Analysis"
Dynamic Soil-Structure Interaction,"Wave Propagation, Foundation Dynamics, Earthquake Response"
Advanced Materials for Construction,"Nanomaterials, Smart Coatings, High-Strength Alloys, Eco-friendly Additives"
Precast Concrete Structures,"Modular Design, Assembly Techniques, Durability"
Non-Destructive Testing (NDT),"Ultrasonics, X-rays, Thermography, Visual Inspection"
Permeable Pavements,"Stormwater Management, Runoff Reduction, Porous Concrete"
Building Sustainability Assessments,"Energy Ratings, Carbon Footprint, Lifecycle Analysis"
High-Rise Fire Safety,Sprinklers
Machine Learning,"Neural Networks, Supervised Learning, Reinforcement Learning, Clustering"
Artificial Intelligence,"Natural Language Processing, Decision Trees, Computer Vision, Robotics"
Deep Learning,"CNN, RNN, GANs, Transformers, Autoencoders"
Data Science,"Big Data, Data Cleaning, Visualization, Predictive Modeling"
Cybersecurity,"Encryption, Malware, Firewalls, Vulnerability Assessment"
Internet of Things (IoT),"Sensors, Protocols, Edge Computing, Cloud Integration"
Blockchain,"Decentralized Ledgers, Smart Contracts, Cryptocurrencies, Consensus Algorithms"
Quantum Computing,"Qubits, Quantum Algorithms, Quantum Gates, Entanglement"
Cloud Computing,"Virtual Machines, SaaS, Serverless, Scalability"
Computer Vision,"Image Processing, Object Detection, Facial Recognition, 3D Reconstruction"
Natural Language Processing (NLP),"Tokenization, Sentiment Analysis, Text Summarization, Chatbots"
Software Engineering,"Agile Development, DevOps, Testing, Continuous Integration"
Mobile App Development,"Android, iOS, Cross-Platform, Flutter, React Native"
Web Development,"HTML, CSS, JavaScript, Frameworks, REST APIs"
Augmented Reality (AR),"Unity, ARKit, ARCore, 3D Models, Spatial Mapping"
Virtual Reality (VR),"Headsets, Oculus, Unity, Immersive Experiences"
Big Data Analytics,"Hadoop, Spark, Distributed Systems, Data Pipelines"
Human-Computer Interaction (HCI),"Usability, Interaction Design, Accessibility, Gesture Recognition"
Operating Systems,"Kernel, Multithreading, Scheduling, Memory Management"
Databases,"SQL, NoSQL, Relational Models, Database Optimization"
Algorithms and Data Structures,"Sorting, Trees, Graphs, Dynamic Programming"
Software Testing,"Unit Testing, Regression Testing, Automation, Debugging"
Game Development,"Unreal Engine, Physics Engines, Graphics Programming"
Cryptography,"Hashing, Public Key, Digital Signatures, Secure Protocols"
Networking,"TCP/IP, Routing, DNS, Network Security"
Embedded Systems,"Microcontrollers, Firmware, Real-Time Operating Systems"
Compiler Design,"Parsing, Lexical Analysis, Syntax Trees"
Distributed Systems,"Consistency, Fault Tolerance, Load Balancing"
Bioinformatics,"Sequence Alignment, Protein Structure, Gene Prediction"
Artificial Neural Networks,"Perceptrons, Backpropagation, Activation Functions"
DevOps,"CI/CD Pipelines, Containerization, Kubernetes, Automation Tools"
Ethical Hacking,"Penetration Testing, Vulnerability Scanning, Exploit Development"
Augmented Intelligence,"Decision Support Systems, AI Collaboration"
Robotics Programming,"Path Planning, Sensor Fusion, Motion Control"
Functional Programming,"Lambda Functions, Recursion, Immutable Data"
Object-Oriented Programming (OOP),"Classes, Inheritance, Polymorphism, Encapsulation"
Parallel Computing,"Threads, GPUs, Distributed Algorithms"
Compiler Optimization,"Code Generation, Optimization Techniques, Instruction Scheduling"
Software Architecture,"Microservices, Monolithic, Event-driven Design"
Multithreading,"Concurrency, Synchronization, Deadlocks, Thread Pools"
Game AI,"Pathfinding, NPC Behavior, Decision Trees"
Database Management Systems,"Indexing, Transactions, Query Optimization"
Computational Geometry,"Convex Hulls, Voronoi Diagrams, Triangulations"
Cyber-Physical Systems,"Embedded Systems, Real-Time Monitoring, IoT"
Digital Forensics,"Data Recovery, Incident Response, Evidence Collection"
User Experience Design,"Prototyping, Wireframing, Usability Testing"
Artificial General Intelligence,"Autonomous Learning, Reasoning, Self-improvement"
API Development,"REST, GraphQL, OAuth, Versioning"
Hardware Acceleration,"FPGA, ASIC, GPUs, Hardware Offloading"
Reinforcement Learning,"Q-Learning, Policy Gradient, Markov Decision Processes"
Virtualization,"Hypervisors, Containers, VM Provisioning"
Quantum Machine Learning,"Quantum Circuits, Hybrid Algorithms, QML Frameworks"
Mobile Game Development,"Unity, Game Loops, Asset Optimization"
Software Metrics,"Code Coverage, Cyclomatic Complexity, Bug Density"
Intelligent Systems,"Fuzzy Logic, Heuristics, Cognitive Computing"
Edge Computing,"Latency, Real-Time Analytics, IoT Gateways"
Data Mining,"Clustering, Association Rules, Pattern Recognition"
Network Simulation,"NS2, NS3, OPNET, Network Modeling"
Algorithm Design,"Divide and Conquer, Greedy Methods, Approximation Algorithms"
Compiler Construction,"Tokenization, Intermediate Code Generation, Optimization"
IoT Security,"Encryption, Secure Boot, Anomaly Detection"
Smart Contracts,"Solidity, Ethereum, Gas Optimization"
Search Engine Optimization (SEO),"Keywords, PageRank, Web Crawling, Link Building"
Sentiment Analysis,"Text Processing, Opinion Mining, Social Media Analytics"
Virtual Assistant Development,"Speech Recognition, Chatbots, AI Models"
Social Network Analysis,"Graph Theory, Community Detection, Centrality Metrics"
Mobile Computing,"Wireless Networks, Battery Optimization, Mobile OS"
Augmented Analytics,"Automated Insights, Business Intelligence, AI in Analytics"
High-Performance Computing (HPC),"Cluster Computing, Parallel Algorithms, Grid Computing"
Recommender Systems,"Collaborative Filtering, Content-based Filtering, Hybrid Models"
Computer Graphics,"Rendering, OpenGL, Shaders, Ray Tracing"
E-commerce Platforms,"Payment Gateways, Shopping Carts, Security"
AR/VR Interaction,"Immersion, Controllers, Haptic Feedback"
Information Retrieval,"Search Indexing, Relevance Scoring, TF-IDF"
Privacy Engineering,"Differential Privacy, Data Anonymization, Privacy by Design"
Knowledge Graphs,"Ontologies, Semantic Networks, Triples"
Data Integration,"ETL, Data Warehousing, Schema Mapping"
Data Encryption Algorithms,"AES, RSA, SHA, Key Exchange"
Semantic Web,"RDF, OWL, SPARQL, Linked Data"
Chatbot Development,"Dialogflow, NLP, Conversation Flows"
Software Licensing,"Open Source, GPL, Commercial Software Licensing"
Microservices,"API Gateways, Service Mesh, Container Orchestration"
Virtual Desktop Infrastructure,"Remote Access, Cloud Desktops, Thin Clients"
Computer-Aided Design (CAD),"Modeling, Rendering, Simulation, CAM"
Sentiment Analysis with ML,"NLP Pipelines, Text Classification, Polarity Scores"
Web 3.0,"Decentralized Web, Semantic Web, dApps"
Ethical AI,"Bias Mitigation, Transparency, Responsible AI"
Spatial Computing,"GIS, AR Mapping, Location Awareness"
Autonomous Vehicles,"LIDAR, SLAM, Obstacle Avoidance, Path Planning"
Knowledge Management Systems,"Document Repositories, Taxonomy, Content Management"
Mobile Health Apps,"Fitness Tracking, Telemedicine, Health Data Analytics"
Grid Computing,"Resource Sharing, Distributed Nodes, Parallel Processing"
Machine Learning Algorithms,"Supervised Learning, Unsupervised Learning, Decision Trees, SVM, k-NN"
Deep Learning,"Neural Networks, CNN, RNN, Transformers, Autoencoders"
Natural Language Processing (NLP),"Tokenization, Sentiment Analysis, Text Summarization, Chatbots, NER"
Reinforcement Learning,"Q-Learning, Markov Decision Process, Rewards, Exploration vs. Exploitation"
AI in Healthcare,"Medical Imaging, Diagnostics, Personalized Medicine, AI-assisted Surgery"
Computer Vision,"Image Classification, Object Detection, Semantic Segmentation, GANs"
Robotics and AI,"Path Planning, Motion Control, SLAM, Autonomous Navigation"
Predictive Analytics,"Forecasting, Regression Models, Time Series, Anomaly Detection"
AI in Finance,"Fraud Detection, Algorithmic Trading, Credit Scoring, Risk Management"
Edge AI,"Low Latency, On-device Processing, Resource Optimization"
AI in IoT,"Smart Sensors, Real-time Analytics, Edge Computing, IoT Networks"
Federated Learning,"Data Privacy, Decentralized Training, Model Aggregation"
AI for Social Good,"Disaster Response, Disease Tracking, Poverty Mapping, Education Systems"
AI in Transportation,"Route Optimization, Autonomous Vehicles, Traffic Prediction, Logistics"
AI in Agriculture,"Crop Monitoring, Yield Prediction, Smart Irrigation, Pest Detection"
Conversational AI,"Chatbots, Virtual Assistants, Natural Language Understanding, Dialog Systems"
Recommendation Systems,"Collaborative Filtering, Content-based Filtering, Matrix Factorization"
Explainable AI (XAI),"Interpretability, SHAP, LIME, Fairness Metrics"
AI Ethics and Bias,"Fairness, Transparency, Data Bias, Accountability"
AI in Gaming,"Game Theory, NPC Behavior, AI-driven Level Design, Real-time Strategy"
Speech Recognition,"ASR, Phonemes, Audio Signal Processing, Speech-to-Text"
Sentiment Analysis,"Text Classification, Emotion Detection, NLP, Opinion Mining"
AI in Marketing,"Customer Segmentation, Targeted Ads, Behavioral Prediction, Retargeting"
AI for Cybersecurity,"Threat Detection, Intrusion Prevention, Anomaly Detection, Malware Analysis"
Reinforcement Learning in Robotics,"Policy Gradient, Model-based RL, Dynamic Environments"
AI for Supply Chain Optimization,"Demand Forecasting, Route Planning, Inventory Management"
Generative AI,"GANs, Text-to-Image Models, Generative Adversarial Networks, AI Creativity"
AI in Energy Management,"Load Balancing, Renewable Integration, Smart Grid Optimization"
Transfer Learning,"Fine-tuning, Pre-trained Models, Domain Adaptation"
AI in E-commerce,"Recommendation Engines, Fraud Detection, Customer Insights"
Multi-Agent Systems,"Agent Coordination, Cooperative AI, Swarm Intelligence"
Data Augmentation,"Synthetic Data, Image Augmentation, Noise Injection"
Automated Machine Learning (AutoML),"Hyperparameter Tuning, Feature Engineering, Model Selection"
AI in Manufacturing,"Predictive Maintenance, Robotics, Process Optimization"
NLP in Education,"Automated Grading, Content Summarization, Language Models"
AI in Climate Science,"Weather Prediction, Climate Modeling, Energy Consumption Analysis"
AI in Retail,"Demand Forecasting, Personalized Marketing, Inventory Management"
AI-driven Chatbots,"Dialog Management, Sentiment Analysis, Context Awareness"
Bayesian Networks,"Probabilistic Reasoning, Inference, Markov Chains"
AI in Smart Cities,"Traffic Optimization, Waste Management, Urban Analytics"
Semi-supervised Learning,"Pseudo-labeling, Self-training, Label Propagation"
AI in Fraud Detection,"Anomaly Detection, Behavior Patterns, Predictive Models"
Reinforcement Learning in Games,"Game Simulation, Policy Optimization, Multi-agent RL"
AI for Autonomous Vehicles,"Sensor Fusion, Path Planning, Lane Detection"
NLP Transformers,"BERT, GPT, Encoder-Decoder Models, Attention Mechanisms"
Dimensionality Reduction,"PCA, t-SNE, Feature Selection, LDA"
AI in Personal Finance,"Budgeting, Credit Analysis, Investment Advice"
AI for Accessibility,"Speech-to-Text, Computer Vision for Blind, Assistive Devices"
AI in Music,"Music Generation, Audio Classification, Beat Detection"
AI in Natural Sciences,"Protein Folding, Genomics, Physics Simulations"
Active Learning,"Query Strategy, Unlabeled Data, Human-in-the-loop"
AI in Sports Analytics,"Player Performance, Strategy Optimization, Injury Prediction"
AI in Legal Tech,"Contract Analysis, Legal Research, Case Prediction"
Federated Learning in Healthcare,"Privacy-preserving AI, Decentralized Models, Secure Training"
Robotics Process Automation (RPA),"Workflow Automation, Task Scheduling, Software Bots"
AI for Renewable Energy,"Wind Prediction, Solar Panel Maintenance, Load Balancing"
Ensemble Learning,"Bagging, Boosting, Stacking"
AI in Insurance,"Claim Prediction, Fraud Detection, Policy Personalization"
Reinforcement Learning in Finance,"Portfolio Management, Risk Optimization, Algorithmic Trading"
Multimodal AI,"Text-Image Models, Audio-Video Fusion, Cross-modal Learning"
AI in Customer Support,"Chatbots, Ticket Classification, Sentiment Analysis"
AI in Telecommunications,"Network Optimization, Customer Churn Prediction, Call Routing"
Few-shot Learning,"Meta-learning, Prototype Networks, Data-efficient Training"
AI in Renewable Integration,"Forecasting, Grid Stability, Energy Trading"
AI in Gaming Graphics,"Procedural Generation, Real-time Rendering, Physics-based Simulations"
AI for Workforce Management,"Employee Retention, Scheduling, Performance Analytics"
NLP for Code,"Code Summarization, Program Synthesis, Automated Debugging"
AI in Real Estate,"Property Valuation, Predictive Analysis, Market Trends"
AI in Retail Automation,"Inventory Robots, Smart Shelves, Dynamic Pricing"
Reinforcement Learning for Automation,"Industrial Control, Process Optimization, Real-time Systems"
AI in Product Design,"CAD Automation, Customer Feedback Analysis, Feature Recommendations"
Speech Synthesis,"Text-to-Speech, Prosody Modeling, Voice Cloning"
Knowledge Graphs,"Ontologies, Entity Linking, Semantic Search"
AI in Logistics,"Route Optimization, Delivery Prediction, Autonomous Trucks"
Ethical AI,"Bias Detection, Governance Frameworks, Explainability"
Self-supervised Learning,"Pretraining, Contrastive Learning, Data Efficiency"
AI in Education,"Adaptive Learning, Personalized Curricula, Virtual Tutors"
Multilingual NLP,"Translation, Multilingual Models, Cross-lingual Understanding"
AI in Medical Research,"Drug Discovery, Genetic Analysis, Disease Modeling"
AI in Entertainment,"Content Recommendation, Media Summarization, Automated Editing"
Network Security,"Firewalls, Intrusion Detection, VPN, Encryption, Network Segmentation"
Cryptography,"Hashing, Symmetric Keys, RSA, AES, Public Key Infrastructure"
Cyber Threat Intelligence,"Threat Hunting, Indicators of Compromise, Attack Vectors, APTs"
Ethical Hacking,"Penetration Testing, Vulnerability Scanning, Exploits, Kali Linux"
Cloud Security,"Data Encryption, Shared Responsibility, IAM, Zero Trust Architecture"
Secure Software Development,"SDLC, OWASP Top 10, Static Analysis, Code Review"
Malware Analysis,"Ransomware, Trojan, Rootkit, Worm, Behavioral Analysis"
Cyber Forensics,"Evidence Preservation, Disk Imaging, Memory Analysis, Chain of Custody"
Application Security,"Secure Coding, Web Application Firewall, Authentication, Session Management"
Identity and Access Management (IAM),"Multi-factor Authentication, Single Sign-On, Role-Based Access Control"
Data Protection,"Encryption, Data Masking, DLP, Backup Strategies"
Risk Assessment,"Threat Modeling, Vulnerability Assessment, Business Impact Analysis"
Incident Response,"Playbooks, Threat Containment, Eradication, Post-Incident Review"
Cybersecurity in IoT,"Device Authentication, Firmware Security, Endpoint Protection, IoT Gateways"
Social Engineering,"Phishing, Baiting, Impersonation, Awareness Training"
Endpoint Security,"Antivirus, EDR, Sandboxing, Patch Management"
Cybersecurity Frameworks,"NIST, ISO 27001, COBIT, CIS Controls"
Wireless Security,"WPA3, Rogue Access Points, Secure Protocols, Network Isolation"
Mobile Security,"App Sandboxing, Secure Containers, Permissions, Root/Jailbreak Detection"
Zero Trust Architecture,"Micro-Segmentation, Least Privilege, Continuous Verification, Data Access"
Ransomware Defense,"Backup Strategies, Network Segmentation, Endpoint Detection, Behavior Analysis"
Cybersecurity Metrics,"Risk Scores, MTTR, MTTD, KPI, Dashboarding"
Cybersecurity for Critical Infrastructure,"SCADA, ICS Security, Redundancy, Real-time Monitoring"
Email Security,"DKIM, DMARC, SPF, Email Filtering"
Secure Authentication Methods,"Biometrics, Passwordless Login, Two-Factor Authentication, Token-Based Access"
Blockchain Security,"Decentralization, Consensus Mechanisms, Smart Contract Security, 51% Attacks"
Threat Modeling,"STRIDE, DREAD, Attack Trees, Mitigation Plans"
Cybersecurity Awareness,"Training, Phishing Simulations, Policies, Compliance"
Web Security,"SQL Injection, Cross-Site Scripting, CSRF, HTTPS"
Vulnerability Management,"Scanning Tools, CVSS Scores, Patch Deployment, Compliance Checks"
Privacy Engineering,"GDPR, CCPA, Anonymization, Data Minimization"
AI in Cybersecurity,"Threat Detection, Behavioral Analysis, Anomaly Detection, Automated Responses"
Cybersecurity in 5G Networks,"Network Slicing, IoT Security, Endpoint Protection, Encryption"
Botnet Defense,"DDoS Protection, C&C Communication, Traffic Filtering, Blacklists"
Secure File Sharing,"Encryption, Digital Rights Management, Secure Collaboration Tools"
Dark Web Monitoring,"Threat Intelligence, TOR Networks, Data Leak Detection, Crawler Tools"
Cybersecurity in Automotive Systems,"CAN Bus Security, Firmware Updates, Vehicle Encryption, Threat Monitoring"
DevSecOps,"CI/CD Security, Shift Left Security, Automation, Secrets Management"
Cybersecurity in Healthcare,"PHI Protection, Medical Device Security, HIPAA Compliance, Secure Networks"
Cybersecurity for Smart Cities,"Critical Systems, IoT Security, Urban Infrastructure, Real-time Monitoring"
Digital Forensics Tools,"FTK, EnCase, Autopsy, Wireshark"
API Security,"OAuth, Rate Limiting, Input Validation, JWT"
Insider Threat Detection,"Behavioral Analytics, Access Monitoring, Data Exfiltration Prevention"
Privacy-Preserving Technologies,"Homomorphic Encryption, Differential Privacy, Federated Learning"
Password Management,"Password Managers, Password Policies, Credential Storage"
Cybersecurity in Space Systems,"Satellite Encryption, Secure Communication, Threat Monitoring"
Penetration Testing Tools,"Metasploit, Burp Suite, Nessus, OWASP ZAP"
Secure Coding Practices,"Input Validation, Error Handling, Memory Safety, Secure Libraries"
Cybersecurity in AI Models,"Adversarial Attacks, Model Poisoning, Explainability, Bias Detection"
Malware Reverse Engineering,"Disassembly, Debugging, Behavior Analysis, Static Analysis"
Machine Learning,"Supervised Learning, Unsupervised Learning, Neural Networks, Decision Trees"
Data Mining,"Association Rules, Clustering, Classification, Pattern Discovery"
Big Data Analytics,"Hadoop, Spark, NoSQL, Distributed Computing"
Data Visualization,"Dashboards, Charts, Power BI, Tableau, Matplotlib"
Predictive Analytics,"Regression, Time Series Analysis, Predictive Models, Forecasting"
Natural Language Processing,"Sentiment Analysis, Tokenization, Named Entity Recognition, Chatbots"
Artificial Intelligence,"Deep Learning, Reinforcement Learning, Autonomous Systems, Cognitive Models"
Reinforcement Learning,"Markov Decision Processes, Q-learning, Policy Optimization"
Neural Network Architectures,"CNN, RNN, LSTM, GAN"
Data Engineering,"Data Pipelines, ETL, Data Warehousing, Cloud Storage"
Statistical Analysis,"Hypothesis Testing, ANOVA, Correlation, Bayesian Methods"
Data Cleaning,"Data Wrangling, Missing Values, Outlier Detection, Normalization"
Data Governance,"Data Quality, Metadata Management, Privacy Compliance, Master Data"
Business Intelligence,"KPI Dashboards, OLAP, Reporting, Decision Support Systems"
Cloud-Based Analytics,"AWS, Azure, Google Cloud, Serverless, Distributed Systems"
Data Ethics,"Privacy, Fairness, Transparency, Algorithmic Bias"
Feature Engineering,"Dimensionality Reduction, One-Hot Encoding, PCA, Feature Selection"
Deep Learning,"Backpropagation, Convolutional Layers, Transformers, Pre-trained Models"
Data Lakes,"Hadoop, Spark, Distributed Systems, Storage Optimization"
Time Series Analysis,"ARIMA, Seasonal Decomposition, Forecasting, Trend Analysis"
Recommendation Systems,"Collaborative Filtering, Content-based Filtering, Hybrid Models"
Model Optimization,"Grid Search, Hyperparameter Tuning, Cross-Validation, Gradient Descent"
AI for Edge Computing,"Real-Time Analytics, Low Latency, On-Device Models, Edge AI"
Data Security,"Encryption, Secure Data Transmission, GDPR, HIPAA Compliance"
Text Analytics,"Text Classification, Topic Modeling, Semantic Analysis, Sentiment Detection"
Image Processing,"Object Detection, Image Segmentation, Pixel Manipulation, Pattern Matching"
Computer Vision,"Image Recognition, Feature Extraction, Optical Flow, 3D Reconstruction"
Genomics Data Analysis,"Sequence Alignment, Gene Expression, Bioinformatics, Genomic Variants"
Speech Recognition,"Acoustic Models, Waveforms, Spectrograms, Language Models"
Anomaly Detection,"Fraud Detection, Outlier Analysis, Statistical Models, Unsupervised Methods"
Multimodal Data Processing,"Text-Image Fusion, Speech-Video Analytics, Multi-sensor Data Integration"
Data Streaming,"Kafka, Spark Streaming, Real-Time Analytics, Data Queues"
Ethical AI,"Bias Mitigation, Explainability, Accountability, Fair Algorithms"
Graph Analytics,"Network Analysis, Graph Embedding, Node Classification, PageRank"
Explainable AI,"SHAP, LIME, Model Interpretability, Decision Transparency"
Autonomous Data Systems,"Self-Tuning Databases, AI-Driven Analytics, Automated Insights"
Data Augmentation,"Synthetic Data, Oversampling, Noise Injection, Rotation"
Optimization Algorithms,"Gradient Descent, Evolutionary Algorithms, Simulated Annealing"
Real-Time Decision Systems,"Event Streaming, Dynamic Pricing, Live Recommendations"
Behavioral Analytics,"User Segmentation, Customer Churn, Session Analysis, Usage Patterns"
Sentiment Analysis,"Polarity Detection, Emotion Recognition, Lexicon-Based Models"
Cybersecurity Analytics,"Threat Detection, Log Analysis, Intrusion Detection, Risk Assessment"
Spatial Data Science,"GIS, Geospatial Analysis, Location Intelligence, Satellite Data"
Cloud-Native Data Platforms,"Kubernetes, Docker, Microservices, Elastic Scaling"
Data Compression,"Lossless Compression, Huffman Coding, Run-Length Encoding, PCA"
Digital Twins for Data Science,"Simulation, Real-Time Analytics, Predictive Maintenance, Virtual Models"
Real-World Data Collection,"Crowdsourcing, IoT Sensors, Surveys, Automated Logging"
Data Fusion,"Multi-source Integration, Cross-Modal Analysis, Sensor Fusion"
Advanced Statistics,"Multivariate Analysis, Nonparametric Methods, Structural Equation Modeling"
Social Network Analytics,"Influencer Detection, Community Detection, Centrality Metrics"
AI-Powered Diagnostics,"Disease Prediction, Automated Scans, Genetic Testing"
Reinforcement Learning Applications,"Game AI, Resource Allocation, Robotics Training, Autonomous Control"
Quantum Machine Learning,"Quantum Circuits, QML Algorithms, Variational Models"
Human-Centered AI,"Interaction Design, Cognitive Models, Human-AI Collaboration"
Sensor Data Analytics,"Wearables, IoT Devices, Data Streams, Environmental Sensors"
Energy Data Analytics,"Load Forecasting, Renewable Integration, Energy Markets"
Financial Risk Modeling,"Monte Carlo Simulations, Portfolio Analysis, Stress Testing"
Healthcare Data Science,"Patient Records, Diagnostics, Predictive Models, Personalized Medicine"
Knowledge Graphs,"Semantic Relationships, Ontologies, Data Linking"
Video Analytics,"Object Tracking, Action Recognition, Scene Understanding"
Federated Learning,"Privacy Preservation, Distributed Models, Data Silos"
AI for Supply Chain Optimization,"Inventory Prediction, Route Optimization, Demand Forecasting"
Customer Analytics,"Segmentation, Retention Analysis, Lifetime Value"
Cognitive Computing,"Decision Support, Contextual Reasoning, Adaptive Systems"
Voice Analytics,"Audio Classification, Language Identification, Phoneme Detection"
Edge AI,"On-device Processing, Low-power Models, Real-Time Analytics"
Smart Retail Data Analytics,"Personalized Recommendations, Stock Optimization, Footfall Analysis"
Climate Data Science,"Weather Prediction, Carbon Emissions, Environmental Trends"
AI in Education,"Adaptive Learning, Recommendation Systems, Grading Automation"
Multi-Cloud Data Solutions,"Data Replication, API Management, Vendor Neutrality"
Streaming AI,"Low-Latency Models, Event Processing, Adaptive Learning"
AI in Sports Analytics,"Performance Metrics, Game Strategy, Injury Prediction"
Privacy-Preserving AI,"Differential Privacy, Homomorphic Encryption, Secure Aggregation"
Cross-Modal Learning,"Text-Image Models, Audio-Visual Integration, Knowledge Transfer"
Fraud Detection,"Transaction Analysis, User Behavior, Anomaly Detection"
Data Annotation,"Labeling, Crowdsourcing, Pre-processing"
Self-Supervised Learning,"Contrastive Learning, Embedding Models, Data-Efficient Training"
Multi-Agent Systems,"Agent Cooperation, Game Theory, Decentralized Decision-Making"
Automated Machine Learning (AutoML),"Hyperparameter Tuning, Neural Architecture Search, Model Selection"
Robust AI Models,"Adversarial Training, Uncertainty Quantification, Bias Reduction"
Explainability in AI,"Transparent Models, Post-Hoc Analysis, User Trust"
Data-Centric AI,"Labeling, Pre-processing, Data Quality Management"
Algorithmic Fairness,"Equity, Bias Measurement, Ethical AI"
Knowledge Representation,"Ontologies, Semantic Graphs, Symbolic Reasoning"
Energy Forecasting,"Solar Radiation Models, Load Predictions, Wind Energy Data"
Algorithm Optimization,"Complexity Reduction, Hardware Acceleration, Speedup Techniques"
Social Media Analytics,"Sentiment Analysis, Hashtag Trends, Engagement Metrics"
